<?xml version="1.0" encoding="ISO-8859-1" ?>
<!--
Copyright (c) 2017, Oracle and/or its affiliates. All rights reserved.
-->
<adfc-config xmlns="http://xmlns.oracle.com/adf/controller" version="1.2">
  <view id="Rates">
    <page>/Rates.jspx</page>
  </view>
  <managed-bean id="__3">
    <managed-bean-name id="__2">SessionState</managed-bean-name>
    <managed-bean-class id="__4">oracle.apps.ux.memoryCache.SessionState</managed-bean-class>
    <managed-bean-scope id="__1">pageFlow</managed-bean-scope>
  </managed-bean>
</adfc-config>
