<?xml version="1.0" encoding="UTF-8"?>
<!--
Copyright (c) 2017, Oracle and/or its affiliates. All rights reserved.
-->
<skins xmlns="http://myfaces.apache.org/trinidad/skin">
  <skin>
    <id>AutumRed.desktop</id>
    <family>AutumRedTheme</family>
    <extends>alta-v1.desktop</extends>
    <render-kit-id>org.apache.myfaces.trinidad.desktop</render-kit-id>
    <style-sheet-name>skins/css/autumn-red-skin.css</style-sheet-name>
  </skin>
  <skin>
    <id>MidnightBlue.desktop</id>
    <family>MidnightBlueTheme</family>
    <extends>alta-v1.desktop</extends>
    <render-kit-id>org.apache.myfaces.trinidad.desktop</render-kit-id>
    <style-sheet-name>skins/css/midnight-blue-skin.css</style-sheet-name>
  </skin>
  <skin>
    <id>CrispGreen.desktop</id>
    <family>CrispGreenTheme</family>
    <extends>alta-v1.desktop</extends>
    <render-kit-id>org.apache.myfaces.trinidad.desktop</render-kit-id>
    <style-sheet-name>skins/css/crisp-green-skin.css</style-sheet-name>
  </skin>
  <skin>
    <id>CrispGreenBanner.desktop</id>
    <family>CrispGreenBannerTheme</family>
    <extends>alta-v1.desktop</extends>
    <render-kit-id>org.apache.myfaces.trinidad.desktop</render-kit-id>
    <style-sheet-name>skins/css/crisp-green-banner.css</style-sheet-name>
  </skin>
  <skin>
    <id>DarkBlue.desktop</id>
    <family>DarkBlueTheme</family>
    <extends>alta-v1.desktop</extends>
    <render-kit-id>org.apache.myfaces.trinidad.desktop</render-kit-id>
    <style-sheet-name>skins/css/dark-blue-skin.css</style-sheet-name>
  </skin>
  <skin>
    <id>DarkGray.desktop</id>
    <family>DarkGrayTheme</family>
    <extends>alta-v1.desktop</extends>
    <render-kit-id>org.apache.myfaces.trinidad.desktop</render-kit-id>
    <style-sheet-name>skins/css/dark-gray-skin.css</style-sheet-name>
  </skin>
  <skin>
    <id>Default.desktop</id>
    <family>DefaultTheme</family>
    <extends>alta-v1.desktop</extends>
    <render-kit-id>org.apache.myfaces.trinidad.desktop</render-kit-id>
    <style-sheet-name>skins/css/default-skin.css</style-sheet-name>
  </skin>
  <skin>
    <id>DustyBlueBanner.desktop</id>
    <family>DustyBlueBannerTheme</family>
    <extends>alta-v1.desktop</extends>
    <render-kit-id>org.apache.myfaces.trinidad.desktop</render-kit-id>
    <style-sheet-name>skins/css/dusty-blue-banner-skin.css</style-sheet-name>
  </skin>
  <skin>
    <id>LightBlue.desktop</id>
    <family>LightBlueTheme</family>
    <extends>alta-v1.desktop</extends>
    <render-kit-id>org.apache.myfaces.trinidad.desktop</render-kit-id>
    <style-sheet-name>skins/css/light-blue-skin.css</style-sheet-name>
  </skin>
  <skin>
    <id>SkyBlue.desktop</id>
    <family>SkyBlueTheme</family>
    <extends>alta-v1.desktop</extends>
    <render-kit-id>org.apache.myfaces.trinidad.desktop</render-kit-id>
    <style-sheet-name>skins/css/sky-blue-skin.css</style-sheet-name>
  </skin>
  <skin>
    <id>SkyBlueBanner.desktop</id>
    <family>SkyBlueBannerTheme</family>
    <extends>alta-v1.desktop</extends>
    <render-kit-id>org.apache.myfaces.trinidad.desktop</render-kit-id>
    <style-sheet-name>skins/css/sky-blue-banner-skin.css</style-sheet-name>
  </skin>
  <skin>
    <id>SteelGray.desktop</id>
    <family>SteelGrayTheme</family>
    <extends>alta-v1.desktop</extends>
    <render-kit-id>org.apache.myfaces.trinidad.desktop</render-kit-id>
    <style-sheet-name>skins/css/steel-gray-skin.css</style-sheet-name>
  </skin>
  <skin>
    <id>Turquoise.desktop</id>
    <family>TurquoiseTheme</family>
    <extends>alta-v1.desktop</extends>
    <render-kit-id>org.apache.myfaces.trinidad.desktop</render-kit-id>
    <style-sheet-name>skins/css/turquoise-skin.css</style-sheet-name>
  </skin>
  <skin>
    <id>Vanilla.desktop</id>
    <family>VanillaTheme</family>
    <extends>alta-v1.desktop</extends>
    <render-kit-id>org.apache.myfaces.trinidad.desktop</render-kit-id>
    <style-sheet-name>skins/css/vanilla-skin.css</style-sheet-name>
  </skin>
  <skin-addition>
    <skin-id>alta-v1.desktop</skin-id>
    <style-sheet-name>skins/css/alta-additions.css</style-sheet-name>
  </skin-addition>
</skins>
