<?xml version="1.0" encoding="ISO-8859-1" ?>
<!--
Copyright (c) 2017, Oracle and/or its affiliates. All rights reserved.
-->
<adfc-config xmlns="http://xmlns.oracle.com/adf/controller" version="1.2">
  <task-flow-definition id="GlobalExchangeRatesFlow">
    <default-activity id="__1">GlobalExchangeRates</default-activity>
    <managed-bean id="__5">
      <managed-bean-name id="__2">GlobalExchangeRatesBean</managed-bean-name>
      <managed-bean-class id="__3">oracle.apps.ux.rates.bean.GlobalExchangeRatesBean</managed-bean-class>
      <managed-bean-scope id="__4">pageFlow</managed-bean-scope>
    </managed-bean>
    <view id="GlobalExchangeRates">
      <page>/oracle/apps/ux/rates/page/GlobalExchangeRates.jsff</page>
    </view>
    <use-page-fragments/>
  </task-flow-definition>
</adfc-config>
