<?xml version="1.0" encoding="ISO-8859-1" ?>
<!--
Copyright (c) 2017, Oracle and/or its affiliates. All rights reserved.
-->
<adfc-config xmlns="http://xmlns.oracle.com/adf/controller" version="1.2">
  <task-flow-definition id="RelativeRatesFlow">
    <default-activity id="__14">populateGlobalCurrencyExchangeRates</default-activity>
    <input-parameter-definition id="__12">
      <name id="__13">pBaseCurrency</name>
      <value>#{pageFlowScope.RelativeRatesBean.baseCurrency}</value>
      <class>java.lang.String</class>
      <required/>
    </input-parameter-definition>
    <input-parameter-definition id="__1">
      <name id="__6">pBaseCurrencyDesc</name>
      <value>#{pageFlowScope.RelativeRatesBean.baseCurrencyDesc}</value>
      <class>java.lang.String</class>
      <required/>
    </input-parameter-definition>
    <managed-bean id="__3">
      <managed-bean-name id="__2">RelativeRatesBean</managed-bean-name>
      <managed-bean-class id="__4">oracle.apps.ux.rates.bean.RelativeRatesBean</managed-bean-class>
      <managed-bean-scope id="__5">pageFlow</managed-bean-scope>
    </managed-bean>
    <view id="RelativeRates">
      <page>/oracle/apps/ux/rates/page/RelativeRates.jsff</page>
    </view>
    <method-call id="populateGlobalCurrencyExchangeRates">
      <method>#{pageFlowScope.RelativeRatesBean.populateGlobalCurrencyExchangeRates}</method>
      <outcome id="__20">
        <fixed-outcome>done</fixed-outcome>
      </outcome>
    </method-call>
    <control-flow-rule id="__15">
      <from-activity-id id="__16">populateGlobalCurrencyExchangeRates</from-activity-id>
      <control-flow-case id="__18">
        <from-outcome id="__19">done</from-outcome>
        <to-activity-id id="__17">RelativeRates</to-activity-id>
      </control-flow-case>
    </control-flow-rule>
    <use-page-fragments/>
  </task-flow-definition>
</adfc-config>
