<?xml version="1.0" encoding="UTF-8" ?>
<!--
Copyright (c) 2017, Oracle and/or its affiliates. All rights reserved.
-->
<pageDefinition xmlns="http://xmlns.oracle.com/adfm/uimodel"
                version="11.1.1.66.73" id="GlobalExchangeRatesPageDef"
                Package="oracle.apps.ux.rates.page">
  <parameters/>
  <executables>
    <variableIterator id="variables"/>
    <taskFlow id="RelativeRatesFlow1"
              taskFlowId="/WEB-INF/oracle/apps/ux/rates/flow/RelativeRatesFlow.xml#RelativeRatesFlow"
              activation="conditional"
              xmlns="http://xmlns.oracle.com/adf/controller/binding"
              Refresh="ifNeeded"
              active="#{pageFlowScope.GlobalExchangeRatesBean.baseCurrencyCode == 'USD'}">
      <parameters>
        <parameter id="pBaseCurrency"
                   value="#{pageFlowScope.GlobalExchangeRatesBean.baseCurrencyCode}"/>
        <parameter id="pBaseCurrencyDesc"
                   value="#{pageFlowScope.GlobalExchangeRatesBean.baseCurrencyDesc}"/>
      </parameters>
    </taskFlow>
    <taskFlow id="RelativeRatesFlow2"
              taskFlowId="/WEB-INF/oracle/apps/ux/rates/flow/RelativeRatesFlow.xml#RelativeRatesFlow"
              activation="conditional"
              xmlns="http://xmlns.oracle.com/adf/controller/binding"
              Refresh="ifNeeded"
              active="#{pageFlowScope.GlobalExchangeRatesBean.baseCurrencyCode == 'CNY'}">
      <parameters>
        <parameter id="pBaseCurrency"
                   value="#{pageFlowScope.GlobalExchangeRatesBean.baseCurrencyCode}"/>
        <parameter id="pBaseCurrencyDesc"
                   value="#{pageFlowScope.GlobalExchangeRatesBean.baseCurrencyDesc}"/>
      </parameters>
    </taskFlow>
    <taskFlow id="RelativeRatesFlow3"
              taskFlowId="/WEB-INF/oracle/apps/ux/rates/flow/RelativeRatesFlow.xml#RelativeRatesFlow"
              activation="conditional"
              xmlns="http://xmlns.oracle.com/adf/controller/binding"
              Refresh="ifNeeded"
              active="#{pageFlowScope.GlobalExchangeRatesBean.baseCurrencyCode == 'EUR'}">
      <parameters>
        <parameter id="pBaseCurrency"
                   value="#{pageFlowScope.GlobalExchangeRatesBean.baseCurrencyCode}"/>
        <parameter id="pBaseCurrencyDesc"
                   value="#{pageFlowScope.GlobalExchangeRatesBean.baseCurrencyDesc}"/>
      </parameters>
    </taskFlow>
    <taskFlow id="RelativeRatesFlow4"
              taskFlowId="/WEB-INF/oracle/apps/ux/rates/flow/RelativeRatesFlow.xml#RelativeRatesFlow"
              activation="conditional"
              xmlns="http://xmlns.oracle.com/adf/controller/binding"
              Refresh="ifNeeded"
              active="#{pageFlowScope.GlobalExchangeRatesBean.baseCurrencyCode == 'GBP'}">
      <parameters>
        <parameter id="pBaseCurrency"
                   value="#{pageFlowScope.GlobalExchangeRatesBean.baseCurrencyCode}"/>
        <parameter id="pBaseCurrencyDesc"
                   value="#{pageFlowScope.GlobalExchangeRatesBean.baseCurrencyDesc}"/>
      </parameters>
    </taskFlow>
    <taskFlow id="RelativeRatesFlow5"
              taskFlowId="/WEB-INF/oracle/apps/ux/rates/flow/RelativeRatesFlow.xml#RelativeRatesFlow"
              activation="conditional"
              xmlns="http://xmlns.oracle.com/adf/controller/binding"
              Refresh="ifNeeded"
              active="#{pageFlowScope.GlobalExchangeRatesBean.baseCurrencyCode == 'INR'}">
      <parameters>
        <parameter id="pBaseCurrency"
                   value="#{pageFlowScope.GlobalExchangeRatesBean.baseCurrencyCode}"/>
        <parameter id="pBaseCurrencyDesc"
                   value="#{pageFlowScope.GlobalExchangeRatesBean.baseCurrencyDesc}"/>
      </parameters>
    </taskFlow>
    <taskFlow id="RelativeRatesFlow6"
              taskFlowId="/WEB-INF/oracle/apps/ux/rates/flow/RelativeRatesFlow.xml#RelativeRatesFlow"
              activation="conditional"
              xmlns="http://xmlns.oracle.com/adf/controller/binding"
              Refresh="ifNeeded"
              active="#{pageFlowScope.GlobalExchangeRatesBean.baseCurrencyCode == 'JPY'}">
      <parameters>
        <parameter id="pBaseCurrency"
                   value="#{pageFlowScope.GlobalExchangeRatesBean.baseCurrencyCode}"/>
        <parameter id="pBaseCurrencyDesc"
                   value="#{pageFlowScope.GlobalExchangeRatesBean.baseCurrencyDesc}"/>
      </parameters>
    </taskFlow>
    <taskFlow id="RelativeRatesFlow7"
              taskFlowId="/WEB-INF/oracle/apps/ux/rates/flow/RelativeRatesFlow.xml#RelativeRatesFlow"
              activation="conditional"
              xmlns="http://xmlns.oracle.com/adf/controller/binding"
              Refresh="ifNeeded"
              active="#{pageFlowScope.GlobalExchangeRatesBean.baseCurrencyCode == 'AUD'}">
      <parameters>
        <parameter id="pBaseCurrency"
                   value="#{pageFlowScope.GlobalExchangeRatesBean.baseCurrencyCode}"/>
        <parameter id="pBaseCurrencyDesc"
                   value="#{pageFlowScope.GlobalExchangeRatesBean.baseCurrencyDesc}"/>
      </parameters>
    </taskFlow>
    <taskFlow id="RelativeRatesFlow8"
              taskFlowId="/WEB-INF/oracle/apps/ux/rates/flow/RelativeRatesFlow.xml#RelativeRatesFlow"
              activation="conditional"
              xmlns="http://xmlns.oracle.com/adf/controller/binding"
              Refresh="ifNeeded"
              active="#{pageFlowScope.GlobalExchangeRatesBean.baseCurrencyCode == 'CAD'}">
      <parameters>
        <parameter id="pBaseCurrency"
                   value="#{pageFlowScope.GlobalExchangeRatesBean.baseCurrencyCode}"/>
        <parameter id="pBaseCurrencyDesc"
                   value="#{pageFlowScope.GlobalExchangeRatesBean.baseCurrencyDesc}"/>
      </parameters>
    </taskFlow>
  </executables>
  <bindings/>
</pageDefinition>
