<?xml version="1.0" encoding="UTF-8" ?>
<!--
Copyright (c) 2016, 2013, Oracle and/or its affiliates. All rights reserved.
-->
<adfc-config xmlns="http://xmlns.oracle.com/adf/controller" version="1.2">
  <task-flow-definition id="APReconciliationFlow">
    <default-activity id="__1">APReconciliation</default-activity>
    <managed-bean id="__5">
      <managed-bean-name id="__4">FinInfoletsBean</managed-bean-name>
      <managed-bean-class id="__2">oracle.apps.uikit.fin.infolets.bean.FinInfoletsBean</managed-bean-class>
      <managed-bean-scope id="__3">backingBean</managed-bean-scope>
    </managed-bean>
    <view id="APReconciliation">
      <page>/oracle/apps/uikit/fin/infolets/page/APReconciliation.jsff</page>
    </view>
    <use-page-fragments/>
  </task-flow-definition>
</adfc-config>
