<?xml version="1.0" encoding="UTF-8" ?>
<!--
Copyright (c) 2016, 2013, Oracle and/or its affiliates. All rights reserved.
-->
<adfc-config xmlns="http://xmlns.oracle.com/adf/controller" version="1.2">
  <task-flow-definition id="OpportunitiesFlow">
    <default-activity id="__5">Opportunities</default-activity>
    <managed-bean id="__2">
      <managed-bean-name id="__1">OpportunitiesBean</managed-bean-name>
      <managed-bean-class id="__3">oracle.apps.uikit.crm.opportunities.bean.OpportunitiesBean</managed-bean-class>
      <managed-bean-scope id="__4">pageFlow</managed-bean-scope>
    </managed-bean>
    <view id="Opportunities">
      <page>/oracle/apps/uikit/crm/opportunities/page/Opportunities.jsff</page>
    </view>
    <view id="CreateOpportunity">
      <page>/oracle/apps/uikit/crm/opportunities/page/CreateOpportunity.jsff</page>
    </view>
    <view id="EditOpportunity">
      <page>/oracle/apps/uikit/crm/opportunities/page/EditOpportunity.jsff</page>
    </view>
    <control-flow-rule id="__6">
      <from-activity-id id="__7">Opportunities</from-activity-id>
      <control-flow-case id="__8">
        <from-outcome id="__10">create</from-outcome>
        <to-activity-id id="__9">CreateOpportunity</to-activity-id>
      </control-flow-case>
      <control-flow-case id="__17">
        <from-outcome id="__18">edit</from-outcome>
        <to-activity-id id="__16">EditOpportunity</to-activity-id>
      </control-flow-case>
    </control-flow-rule>
    <control-flow-rule id="__11">
      <from-activity-id id="__12">CreateOpportunity</from-activity-id>
      <control-flow-case id="__13">
        <from-outcome id="__15">doneCreate</from-outcome>
        <to-activity-id id="__14">Opportunities</to-activity-id>
      </control-flow-case>
    </control-flow-rule>
    <control-flow-rule id="__19">
      <from-activity-id id="__20">EditOpportunity</from-activity-id>
      <control-flow-case id="__22">
        <from-outcome id="__23">doneEdit</from-outcome>
        <to-activity-id id="__21">Opportunities</to-activity-id>
      </control-flow-case>
    </control-flow-rule>
    <use-page-fragments/>
  </task-flow-definition>
</adfc-config>
