<?xml version="1.0" encoding="UTF-8" ?>
<!--
Copyright (c) 2016, 2013, Oracle and/or its affiliates. All rights reserved.
-->
<adfc-config xmlns="http://xmlns.oracle.com/adf/controller" version="1.2">
  <task-flow-definition id="AnnouncementsFlow">
    <default-activity id="__1">Announcements</default-activity>
    <managed-bean id="__5">
      <managed-bean-name id="__4">AnnouncementsBean</managed-bean-name>
      <managed-bean-class id="__3">oracle.apps.uikit.bean.AnnouncementsBean</managed-bean-class>
      <managed-bean-scope id="__2">backingBean</managed-bean-scope>
    </managed-bean>
    <view id="Announcements">
      <page>/oracle/apps/uikit/page/Announcements.jsff</page>
    </view>
    <use-page-fragments/>
  </task-flow-definition>
</adfc-config>
