<?xml version="1.0" encoding="UTF-8" ?>
<!--
Copyright (c) 2016, 2013, Oracle and/or its affiliates. All rights reserved.
-->
<adfc-config xmlns="http://xmlns.oracle.com/adf/controller" version="1.2">
  <task-flow-definition id="ExperimentalFlow">
    <default-activity id="__1">Experimental</default-activity>
    <managed-bean id="__3">
      <managed-bean-name id="__5">ExperimentalBean</managed-bean-name>
      <managed-bean-class id="__4">oracle.apps.uikit.bean.ExperimentalBean</managed-bean-class>
      <managed-bean-scope id="__2">backingBean</managed-bean-scope>
    </managed-bean>
    <view id="Experimental">
      <page>/oracle/apps/uikit/page/Experimental.jsff</page>
    </view>
    <use-page-fragments/>
  </task-flow-definition>
</adfc-config>
