<?xml version="1.0" encoding="UTF-8" ?>
<!--
Copyright (c) 2016, 2013, Oracle and/or its affiliates. All rights reserved.
-->
<adfc-config xmlns="http://xmlns.oracle.com/adf/controller" version="1.2">
  <task-flow-definition id="NavigatorFlow">
    <default-activity id="__1">Navigator</default-activity>
    <managed-bean id="__3">
      <managed-bean-name id="__5">NavigatorBean</managed-bean-name>
      <managed-bean-class id="__2">oracle.apps.uikit.bean.NavigatorBean</managed-bean-class>
      <managed-bean-scope id="__4">backingBean</managed-bean-scope>
    </managed-bean>
    <view id="Navigator">
      <page>/oracle/apps/uikit/page/Navigator.jsff</page>
    </view>
    <use-page-fragments/>
  </task-flow-definition>
</adfc-config>
