<?xml version="1.0" encoding="UTF-8" ?>
<!--
Copyright (c) 2016, 2013, Oracle and/or its affiliates. All rights reserved.
-->
<adfc-config xmlns="http://xmlns.oracle.com/adf/controller" version="1.2">
  <task-flow-definition id="CompetenciesTileFlow">
    <default-activity id="__1">CompetenciesTile</default-activity>
    <view id="CompetenciesTile">
      <page>/oracle/apps/uikit/hcm/performance/page/CompetenciesTile.jsff</page>
    </view>
    <use-page-fragments/>
  </task-flow-definition>
</adfc-config>
