<?xml version="1.0" encoding="UTF-8" ?>
<!--
Copyright (c) 2016, 2013, Oracle and/or its affiliates. All rights reserved.
-->
<adfc-config xmlns="http://xmlns.oracle.com/adf/controller" version="1.2">
  <task-flow-definition id="OverallSummaryFlow">
    <default-activity id="__1">OverallSummary</default-activity>
    <managed-bean id="__4">
      <managed-bean-name id="__2">PerformanceBean</managed-bean-name>
      <managed-bean-class id="__5">oracle.apps.uikit.hcm.performance.bean.PerformanceBean</managed-bean-class>
      <managed-bean-scope id="__3">pageFlow</managed-bean-scope>
    </managed-bean>
    <view id="OverallSummary">
      <page>/oracle/apps/uikit/hcm/performance/page/OverallSummary.jsff</page>
    </view>
    <use-page-fragments/>
  </task-flow-definition>
</adfc-config>
