<?xml version="1.0" encoding="UTF-8" ?>
<!--
Copyright (c) 2016, 2013, Oracle and/or its affiliates. All rights reserved.
-->
<adfc-config xmlns="http://xmlns.oracle.com/adf/controller" version="1.2">
  <task-flow-definition id="RequisitionsFlow">
    <default-activity id="__1">Requisitions</default-activity>
    <managed-bean id="__4">
      <managed-bean-name id="__3">HcmInfoletsBean</managed-bean-name>
      <managed-bean-class id="__2">oracle.apps.uikit.hcm.infolets.bean.HcmInfoletsBean</managed-bean-class>
      <managed-bean-scope id="__5">backingBean</managed-bean-scope>
    </managed-bean>
    <view id="Requisitions">
      <page>/oracle/apps/uikit/hcm/infolets/page/Requisitions.jsff</page>
    </view>
    <use-page-fragments/>
  </task-flow-definition>
</adfc-config>
