<?xml version="1.0" encoding="UTF-8" ?>
<!--
Copyright (c) 2016, 2013, Oracle and/or its affiliates. All rights reserved.
-->
<pageDefinition xmlns="http://xmlns.oracle.com/adfm/uimodel"
                version="11.1.1.66.73" id="WelcomePageDef"
                Package="oracle.apps.uikit.pageDefs">
  <parameters/>
  <executables>
    <variableIterator id="variables"/>
    <taskFlow id="SpringboardFlow1"
              taskFlowId="/WEB-INF/oracle/apps/uikit/flow/SpringboardFlow.xml#SpringboardFlow"
              activation="deferred"
              xmlns="http://xmlns.oracle.com/adf/controller/binding"/>
    <taskFlow id="NavigatorFlow1"
              taskFlowId="/WEB-INF/oracle/apps/uikit/flow/NavigatorFlow.xml#NavigatorFlow"
              activation="deferred"
              xmlns="http://xmlns.oracle.com/adf/controller/binding"/>
    <taskFlow id="ExperimentalFlow1"
              taskFlowId="/WEB-INF/oracle/apps/uikit/flow/ExperimentalFlow.xml#ExperimentalFlow"
              activation="deferred"
              xmlns="http://xmlns.oracle.com/adf/controller/binding"/>
    <multiTaskFlow id="InfoletsMultiTaskFlow1"
                   taskFlowList="#{SessionState.infoletsList}"
                   xmlns="http://xmlns.oracle.com/adf/controller/binding"/>
    <taskFlow id="WelcomeToTheRDK1"
              taskFlowId="/WEB-INF/oracle/apps/uikit/flow/WelcomeToTheRDKFlow.xml#WelcomeToTheRDKFlow"
              activation="deferred"
              xmlns="http://xmlns.oracle.com/adf/controller/binding"/>
  </executables>
  <bindings/>
</pageDefinition>
