<?xml version="1.0" encoding="UTF-8" ?>
<!--
Copyright (c) 2016, 2013, Oracle and/or its affiliates. All rights reserved.
-->
<adfc-config xmlns="http://xmlns.oracle.com/adf/controller" version="1.2">
  <task-flow-definition id="MyTeamFlow">
    <default-activity id="__1">MyTeam</default-activity>
    <managed-bean id="__5">
      <managed-bean-name id="__3">MyTeamBean</managed-bean-name>
      <managed-bean-class id="__4">oracle.apps.uikit.hcm.myTeam.bean.MyTeamBean</managed-bean-class>
      <managed-bean-scope id="__2">pageFlow</managed-bean-scope>
    </managed-bean>
    <view id="MyTeam">
      <page>/oracle/apps/uikit/hcm/myTeam/page/MyTeam.jsff</page>
    </view>
    <use-page-fragments/>
  </task-flow-definition>
</adfc-config>
